method,delta,group,positions,articles,top1_green_mean,top1_green_p10,top1_green_median,top1_green_p90,top1_p_mean,top1_p_p10,top1_p_median,top1_p_p90,green_before_mean,green_before_p10,green_before_median,green_before_p90,top1_q_mean,top1_q_p10,top1_q_median,top1_q_p90,top1_rank_after_mean,top1_rank_after_p10,top1_rank_after_median,top1_rank_after_p90,top1_flip_mean,top1_flip_p10,top1_flip_median,top1_flip_p90,green_after_mean,green_after_p10,green_after_median,green_after_p90,entropy_before_mean,entropy_before_p10,entropy_before_median,entropy_before_p90,entropy_after_mean,entropy_after_p10,entropy_after_median,entropy_after_p90,expected_bart_nll_shift_mean,expected_bart_nll_shift_p10,expected_bart_nll_shift_median,expected_bart_nll_shift_p90,k90_before_mean,k90_before_p10,k90_before_median,k90_before_p90,k90_after_mean,k90_after_p10,k90_after_median,k90_after_p90,head90_before_mean,head90_before_p10,head90_before_median,head90_before_p90,head90_after_mean,head90_after_p10,head90_after_median,head90_after_p90,head90_shift_mean,head90_shift_p10,head90_shift_median,head90_shift_p90,k95_before_mean,k95_before_p10,k95_before_median,k95_before_p90,k95_after_mean,k95_after_p10,k95_after_median,k95_after_p90,head95_before_mean,head95_before_p10,head95_before_median,head95_before_p90,head95_after_mean,head95_after_p10,head95_after_median,head95_after_p90,head95_shift_mean,head95_shift_p10,head95_shift_median,head95_shift_p90,k98_before_mean,k98_before_p10,k98_before_median,k98_before_p90,k98_after_mean,k98_after_p10,k98_after_median,k98_after_p90,head98_before_mean,head98_before_p10,head98_before_median,head98_before_p90,head98_after_mean,head98_after_p10,head98_after_median,head98_after_p90,head98_shift_mean,head98_shift_p10,head98_shift_median,head98_shift_p90,head90_decrease_fraction,head90_drop_over_5pp_fraction,head90_shift_article_mean,k90_increase_fraction,head95_decrease_fraction,head95_drop_over_5pp_fraction,head95_shift_article_mean,k95_increase_fraction,head98_decrease_fraction,head98_drop_over_5pp_fraction,head98_shift_article_mean,k98_increase_fraction
NW,0.0,all,35795,500,0.49797457745495183,0.0,0.0,1.0,0.79089396719708,0.4011554479598999,0.9181032180786133,0.995234739780426,0.4991504585054607,0.003203957062214613,0.4985857903957367,0.9968653559684754,0.79089396719708,0.4011554479598999,0.9181032180786133,0.995234739780426,1.0,1.0,1.0,1.0,0.0,0.0,0.0,0.0,0.4991504585054607,0.003203957062214613,0.4985857903957367,0.9968653559684754,0.8280143904458633,0.07013055086135864,0.47205477952957153,2.131935405731202,0.8280143905164167,0.07013055831193923,0.47205477952957153,2.131935405731202,0.0,0.0,0.0,0.0,6.793406900405085,1.0,1.0,8.0,6.793406900405085,1.0,1.0,8.0,0.9538090130373292,0.903142762184143,0.9604960083961487,0.9952361702919006,0.9538090130373292,0.903142762184143,0.9604960083961487,0.9952361702919006,0.0,0.0,0.0,0.0,18.56932532476603,1.0,2.0,21.0,18.56932532476603,1.0,2.0,21.0,0.9722070649376561,0.9504618525505066,0.970708966255188,0.9952434778213501,0.9722070649376561,0.9504618525505066,0.970708966255188,0.9952434778213501,0.0,0.0,0.0,0.0,92.31658052800671,1.0,3.0,149.0,92.31658052800671,1.0,3.0,149.0,0.9857939738387385,0.9800182580947876,0.982793390750885,0.9952632904052734,0.9857939738387385,0.9800182580947876,0.982793390750885,0.9952632904052734,0.0,0.0,0.0,0.0,0.0,0.0,0.0,0.0,0.0,0.0,0.0,0.0,0.0,0.0,0.0,0.0
NW,0.0,top1_red,17970,500,0.0,0.0,0.0,0.0,0.7923943430628952,0.4032771706581116,0.9167360365390778,0.9952056109905243,0.10520662326002818,0.0022327060345560313,0.022602724842727184,0.3517836689949036,0.7923943430628952,0.4032771706581116,0.9167360365390778,0.9952056109905243,1.0,1.0,1.0,1.0,0.0,0.0,0.0,0.0,0.10520662326002818,0.0022327060345560313,0.022602724842727184,0.3517836689949036,0.8232351383771674,0.06999547332525254,0.47964659333229065,2.108953356742859,0.8232351387783565,0.0699954755604267,0.47964659333229065,2.108953356742859,0.0,0.0,0.0,0.0,6.842292710072343,1.0,1.0,8.0,6.842292710072343,1.0,1.0,8.0,0.9537912663945106,0.9032162427902222,0.9606241583824158,0.9952076077461243,0.9537912663945106,0.9032162427902222,0.9606241583824158,0.9952076077461243,0.0,0.0,0.0,0.0,18.476015581524763,1.0,2.0,20.0,18.476015581524763,1.0,2.0,20.0,0.9721599225607858,0.9504732310771942,0.9705728590488434,0.9952148556709289,0.9721599225607858,0.9504732310771942,0.9705728590488434,0.9952148556709289,0.0,0.0,0.0,0.0,90.35548135781859,1.0,3.0,144.0,90.35548135781859,1.0,3.0,144.0,0.985759022810357,0.9800183713436127,0.982758104801178,0.9952487885951996,0.985759022810357,0.9800183713436127,0.982758104801178,0.9952487885951996,0.0,0.0,0.0,0.0,0.0,0.0,0.0,0.0,0.0,0.0,0.0,0.0,0.0,0.0,0.0,0.0
NW,0.0,top1_green,17825,500,1.0,1.0,1.0,1.0,0.7893813863101965,0.3996829628944397,0.9197705388069153,0.9952515840530396,0.8962988859590608,0.6504589557647705,0.9780095815658569,0.9977662086486816,0.7893813863101965,0.3996829628944397,0.9197705388069153,0.9952515840530396,1.0,1.0,1.0,1.0,0.0,0.0,0.0,0.0,0.8962988859590608,0.6504589557647705,0.9780095815658569,0.9977662086486816,0.8328325200208684,0.07035039067268371,0.4630884528160095,2.158464765548706,0.8328325197580962,0.07035041004419326,0.4630884528160095,2.1584646224975588,0.0,0.0,0.0,0.0,6.744123422159888,1.0,1.0,9.0,6.744123422159888,1.0,1.0,9.0,0.9538269040427402,0.9030404329299927,0.9603753685951233,0.9952537775039673,0.9538269040427402,0.9030404329299927,0.9603753685951233,0.9952537775039673,0.0,0.0,0.0,0.0,18.663394109396915,1.0,2.0,21.0,18.663394109396915,1.0,2.0,21.0,0.9722545908009019,0.9504546761512757,0.9708474278450012,0.9952585220336914,0.9722545908009019,0.9504546761512757,0.9708474278450012,0.9952585220336914,0.0,0.0,0.0,0.0,94.29363253856943,1.0,3.0,154.0,94.29363253856943,1.0,3.0,154.0,0.9858292091812358,0.980018162727356,0.9828311800956726,0.9952726244926453,0.9858292091812358,0.980018162727356,0.9828311800956726,0.9952726244926453,0.0,0.0,0.0,0.0,0.0,0.0,0.0,0.0,0.0,0.0,0.0,0.0,0.0,0.0,0.0,0.0
W-soft,0.5,all,35795,500,0.49797457745495183,0.0,0.0,1.0,0.79089396719708,0.4011554479598999,0.9181032180786133,0.995234739780426,0.4991504585054607,0.003203957062214613,0.4985857903957367,0.9968653559684754,0.7872863326808155,0.38616135716438293,0.9170448184013367,0.9952673435211181,1.0371560273781255,1.0,1.0,1.0,0.033077245425338735,0.0,0.0,0.0,0.5351377959777727,0.00527147464454174,0.621129035949707,0.9980966210365295,0.8280143904458633,0.07013055086135864,0.47205477952957153,2.131935405731202,0.8338438675078708,0.0670360654592514,0.4811999797821045,2.139808225631714,0.01481875593377267,-0.11660619080066681,0.004454206675291061,0.1650624692440033,6.793406900405085,1.0,1.0,8.0,6.839782092471015,1.0,1.0,9.0,0.9538090130373292,0.903142762184143,0.9604960083961487,0.9952361702919006,0.9522177528295958,0.8965172052383423,0.9604465365409851,0.9952812552452087,-0.00159126020773344,-0.01715242862701416,-4.559755325317383e-05,0.011846446990966802,18.56932532476603,1.0,2.0,21.0,18.644782790892585,1.0,2.0,21.0,0.9722070649376561,0.9504618525505066,0.970708966255188,0.9952434778213501,0.9711888485671522,0.9446755647659302,0.9710309505462646,0.9952850461006164,-0.0010182163705038515,-0.010356402397155762,2.181529998779297e-05,0.006894874572753907,92.31658052800671,1.0,3.0,149.0,94.9743260231876,1.0,3.0,158.0,0.9857939738387385,0.9800182580947876,0.982793390750885,0.9952632904052734,0.9852187976472153,0.9760092854499817,0.9839807748794556,0.9953442931175231,-0.0005751761915231155,-0.005122578144073487,-1.2993812561035156e-05,0.0032675027847290047,0.5005727056851516,0.00041905294035479815,-0.001581657064296011,0.1157982958513759,0.49939935745215813,0.0,-0.0010194097311350962,0.16784467104344183,0.5001257158821064,0.0,-0.0005729557984312818,0.2611537924291102
W-soft,0.5,top1_red,17970,500,0.0,0.0,0.0,0.0,0.7923943430628952,0.4032771706581116,0.9167360365390778,0.9952056109905243,0.10520662326002818,0.0022327060345560313,0.022602724842727184,0.3517836689949036,0.7620036511211907,0.3338412940502167,0.8926278352737427,0.993683248758316,1.0740122426265999,1.0,1.0,1.0,0.06588759042849193,0.0,0.0,0.0,0.1453843594617285,0.003675785125233233,0.036727068945765495,0.47222663760185246,0.8232351383771674,0.06999547332525254,0.47964659333229065,2.108953356742859,0.9067024421555021,0.09034464284777642,0.5827644467353821,2.2360130786895756,0.09383500854889437,0.018749577924609184,0.0681048333644867,0.20945325940847398,6.842292710072343,1.0,1.0,8.0,7.597607122982749,1.0,2.0,9.0,0.9537912663945106,0.9032162427902222,0.9606241583824158,0.9952076077461243,0.9444921142337186,0.8875282526016235,0.9513228535652161,0.9936959862709045,-0.009299152160792067,-0.024281591176986694,-0.005450725555419922,-0.0010876357555389404,18.476015581524763,1.0,2.0,20.0,21.083917640511963,1.0,2.0,24.0,0.9721599225607858,0.9504732310771942,0.9705728590488434,0.9952148556709289,0.9663072231350571,0.9406989514827728,0.9635283052921295,0.9937116801738739,-0.005852699425728638,-0.013373106718063354,-0.004209309816360474,-0.0010641455650329589,90.35548135781859,1.0,3.0,144.0,111.82877017250973,1.0,4.0,205.0,0.985759022810357,0.9800183713436127,0.982758104801178,0.9952487885951996,0.9825535233842047,0.9749235332012176,0.9797206819057465,0.9937633275985718,-0.003205499426152352,-0.005940455198287964,-0.0028911232948303223,-0.0009308815002441403,0.9564830272676683,0.0008347245409015025,-0.009378711078636661,0.22437395659432388,0.9631608235948803,0.0,-0.005894624250164498,0.3253756260434057,0.971841958820256,0.0,-0.003208022331391975,0.5081803005008347
W-soft,0.5,top1_green,17825,500,1.0,1.0,1.0,1.0,0.7893813863101965,0.3996829628944397,0.9197705388069153,0.9952515840530396,0.8962988859590608,0.6504589557647705,0.9780095815658569,0.9977662086486816,0.8127746798127347,0.45049827098846434,0.9348911643028259,0.9961901426315307,1.0,1.0,1.0,1.0,0.0,0.0,0.0,0.0,0.9280617373069908,0.7541849374771118,0.9865456223487854,0.9986441254615783,0.8328325200208684,0.07035039067268371,0.4630884528160095,2.158464765548706,0.7603926144128954,0.05725661963224411,0.39274340867996216,2.014945697784424,-0.06484026563670346,-0.150330251455307,-0.044171132147312164,-0.011608412489295004,6.744123422159888,1.0,1.0,9.0,6.075792426367461,1.0,1.0,8.0,0.9538269040427402,0.9030404329299927,0.9603753685951233,0.9952537775039673,0.960006236732424,0.9130205750465393,0.9677007794380188,0.9961907625198364,0.006179332689683869,0.0007015705108642578,0.003497004508972168,0.016160047054290774,18.663394109396915,1.0,2.0,21.0,16.185806451612905,1.0,2.0,18.0,0.9722545908009019,0.9504546761512757,0.9708474278450012,0.9952585220336914,0.9761101842762544,0.9552990436553955,0.9761655330657959,0.9961934804916381,0.0038555934753524974,0.0007133722305297851,0.002846658229827881,0.008626878261566162,94.29363253856943,1.0,3.0,154.0,77.98277699859747,1.0,3.0,114.0,0.9858292091812358,0.980018162727356,0.9828311800956726,0.9952726244926453,0.987905752963137,0.9816822171211242,0.9859784841537476,0.9962088346481324,0.0020765437819011416,0.0006611108779907227,0.0019551515579223633,0.003710770606994629,0.04095371669004207,0.0,0.006262781079462708,0.006339410939691445,0.031865357643758765,0.0,0.0038966247603467717,0.00903225806451613,0.024572230014025247,0.0,0.0020870727850726793,0.01211781206171108
W-soft,1.0,all,35795,500,0.49797457745495183,0.0,0.0,1.0,0.79089396719708,0.4011554479598999,0.9181032180786133,0.995234739780426,0.4991504585054607,0.003203957062214613,0.4985857903957367,0.9968653559684754,0.7777776156189051,0.3494401335716248,0.9140830636024475,0.9955241203308105,1.0825534292498953,1.0,1.0,1.0,0.06604274339991618,0.0,0.0,0.0,0.5707390642552788,0.008661570772528649,0.7299448847770691,0.998844563961029,0.8280143904458633,0.07013055086135864,0.47205477952957153,2.131935405731202,0.8491997842847967,0.06224879696965218,0.5049339532852173,2.161575889587403,0.05685157494676631,-0.1966238647699356,0.009334832429885864,0.3841236472129822,6.793406900405085,1.0,1.0,8.0,6.882497555524514,1.0,1.0,9.0,0.9538090130373292,0.903142762184143,0.9604960083961487,0.9952361702919006,0.9475464944883438,0.8780077338218689,0.9601278305053711,0.9955383896827698,-0.006262518548985436,-0.04111512899398804,-9.232759475708008e-05,0.01985480785369874,18.56932532476603,1.0,2.0,21.0,19.23321692973879,1.0,2.0,22.0,0.9722070649376561,0.9504618525505066,0.970708966255188,0.9952434778213501,0.9681173530699304,0.932064950466156,0.9713101387023926,0.9955596208572388,-0.004089711867725571,-0.025375032424926756,3.9577484130859375e-05,0.01144373416900635,92.31658052800671,1.0,3.0,149.0,105.89735996647576,1.0,3.0,185.0,0.9857939738387385,0.9800182580947876,0.982793390750885,0.9952632904052734,0.9834620893659297,0.9687854528427124,0.9851036667823792,0.9956459641456604,-0.0023318844728087524,-0.012940132617950439,-2.396106719970703e-05,0.005341947078704834,0.5006285794105322,0.07199329515295433,-0.00627173393095359,0.16278809889649393,0.4995390417656097,0.007095963123341249,-0.0041058767642860395,0.2160078223215533,0.5003212739209387,0.0,-0.002328002608115284,0.31180332448666015
W-soft,1.0,top1_red,17970,500,0.0,0.0,0.0,0.0,0.7923943430628952,0.4032771706581116,0.9167360365390778,0.9952056109905243,0.10520662326002818,0.0022327060345560313,0.022602724842727184,0.3517836689949036,0.7257599316793403,0.2593647688627243,0.8600781559944153,0.9912494897842408,1.164440734557596,1.0,1.0,2.0,0.1315525876460768,0.0,0.0,1.0,0.19267287238883363,0.006045927572995424,0.05914356745779514,0.5959918141365051,0.8232351383771674,0.06999547332525254,0.47964659333229065,2.108953356742859,0.9984498669684108,0.12194562852382661,0.7189296782016754,2.348201107978821,0.22131396574991158,0.048704634234309194,0.16633223742246628,0.48035623729228977,6.842292710072343,1.0,1.0,8.0,8.314412910406233,1.0,2.0,11.0,0.9537912663945106,0.9032162427902222,0.9606241583824158,0.9952076077461243,0.9311760146318042,0.8583372533321381,0.9387814104557037,0.9913080334663391,-0.022615251762706436,-0.059169822931289674,-0.013186633586883545,-0.0027860701084136954,18.476015581524763,1.0,2.0,20.0,24.318864774624373,1.0,2.0,31.0,0.9721599225607858,0.9504732310771942,0.9705728590488434,0.9952148556709289,0.957714639246696,0.9226507186889649,0.9558398425579071,0.9913292706012726,-0.01444528331408981,-0.033353674411773684,-0.010169893503189087,-0.0026479661464691158,90.35548135781859,1.0,3.0,144.0,145.86577629382305,1.0,5.0,321.0,0.985759022810357,0.9800183713436127,0.982758104801178,0.9952487885951996,0.9777374202666445,0.9660869836807251,0.9767678380012512,0.9913846015930176,-0.008021602543712524,-0.015259146690368652,-0.007032215595245361,-0.002150201797485351,0.9564830272676683,0.14340567612687813,-0.022803835342587588,0.3170840289371174,0.9632164718976072,0.014134668892598776,-0.014543139555532146,0.4217584863661658,0.9720089037284363,0.0,-0.008023112156109487,0.610740122426266
W-soft,1.0,top1_green,17825,500,1.0,1.0,1.0,1.0,0.7893813863101965,0.3996829628944397,0.9197705388069153,0.9952515840530396,0.8962988859590608,0.6504589557647705,0.9780095815658569,0.9977662086486816,0.8302184448135184,0.4855315148830414,0.946912944316864,0.9967646598815918,1.0,1.0,1.0,1.0,0.0,0.0,0.0,0.0,0.9518806893795436,0.8349411487579346,0.9917965531349182,0.9991773128509521,0.8328325200208684,0.07035039067268371,0.4630884528160095,2.158464765548706,0.6987356055569119,0.048881223797798155,0.33672475814819336,1.8858015775680543,-0.10894865858661491,-0.2557319402694702,-0.07324916869401932,-0.01867895983159542,6.744123422159888,1.0,1.0,9.0,5.4389340813464235,1.0,1.0,7.0,0.9538269040427402,0.9030404329299927,0.9603753685951233,0.9952537775039673,0.9640501423437164,0.9185618400573731,0.9730414748191833,0.9967652559280396,0.010223238300976212,0.0011329531669616699,0.005786120891571045,0.02670118808746338,18.663394109396915,1.0,2.0,21.0,14.106199158485273,1.0,2.0,15.0,0.9722545908009019,0.9504546761512757,0.9708474278450012,0.9952585220336914,0.9786046892496513,0.958090078830719,0.9800297617912292,0.9967681407928467,0.006350098448749344,0.0011624336242675782,0.004747927188873291,0.014151692390441896,94.29363253856943,1.0,3.0,154.0,65.60381486676017,1.0,2.0,86.0,0.9858292091812358,0.980018162727356,0.9828311800956726,0.9952726244926453,0.9892333266009455,0.9827629923820496,0.9879773855209351,0.9967835903167724,0.0034041174197096645,0.0010968804359436034,0.0032486319541931152,0.006022727489471436,0.041065918653576436,0.0,0.010361983435520113,0.007237026647966339,0.03208976157082749,0.0,0.006418816879897127,0.008583450210378681,0.02479663394109397,0.0,0.0034223637972186464,0.010434782608695653
W-soft,1.5,all,35795,500,0.49797457745495183,0.0,0.0,1.0,0.79089396719708,0.4011554479598999,0.9181032180786133,0.995234739780426,0.4991504585054607,0.003203957062214613,0.4985857903957367,0.9968653559684754,0.763253817019144,0.29414862394332886,0.9081829786300659,0.9958578228950501,1.1395446291381477,1.0,1.0,1.0,0.0985333147087582,0.0,0.0,0.0,0.6056251774567206,0.014200725220143796,0.8167294263839722,0.9992989897727966,0.8280143904458633,0.07013055086135864,0.47205477952957153,2.131935405731202,0.875057185013915,0.05721518397331238,0.5455935001373291,2.1834575653076183,0.1262820639575668,-0.25033146142959595,0.01510397344827652,0.6596008777618411,6.793406900405085,1.0,1.0,8.0,6.987400474926666,1.0,1.0,9.0,0.9538090130373292,0.903142762184143,0.9604960083961487,0.9952361702919006,0.9396075856121147,0.8509646654129028,0.9584728479385376,0.9958807706832886,-0.014201427425214542,-0.07325536012649536,-0.00012606382369995117,0.02514095306396486,18.56932532476603,1.0,2.0,21.0,20.782120407878196,1.0,2.0,25.0,0.9722070649376561,0.9504618525505066,0.970708966255188,0.9952434778213501,0.9627501050925384,0.9132188558578491,0.9703871011734009,0.9959083318710327,-0.009456959845117557,-0.04635469913482666,5.27501106262207e-05,0.014361262321472168,92.31658052800671,1.0,3.0,149.0,133.61114680821345,1.0,4.0,271.0,0.9857939738387385,0.9800182580947876,0.982793390750885,0.9952632904052734,0.9803202314556003,0.9577540040016175,0.9848145246505737,0.9960162281990051,-0.00547374238313818,-0.024596762657165528,-3.331899642944336e-05,0.006645238399505616,0.5006285794105322,0.15373655538483028,-0.014252451664216945,0.19583740745914233,0.4995669786283,0.08735856963263025,-0.009499232504584882,0.2506495320575499,0.5003771476463194,0.0007542952926386367,-0.005466251403885148,0.357116915770359
W-soft,1.5,top1_red,17970,500,0.0,0.0,0.0,0.0,0.7923943430628952,0.4032771706581116,0.9167360365390778,0.9952056109905243,0.10520662326002818,0.0022327060345560313,0.022602724842727184,0.3517836689949036,0.6846115076419487,0.18982488363981248,0.8148728311061859,0.987264895439148,1.2779632721202003,1.0,1.0,2.0,0.1962715637173066,0.0,0.0,1.0,0.24542184797053174,0.009929110668599606,0.09390820562839508,0.7086411118507385,0.8232351383771674,0.06999547332525254,0.47964659333229065,2.108953356742859,1.0994298003180678,0.17176101505756378,0.8574529588222504,2.4549745082855225,0.3884193819342207,0.0943793699145317,0.3021952211856842,0.8142055809497833,6.842292710072343,1.0,1.0,8.0,9.084418475236506,1.0,2.0,12.0,0.9537912663945106,0.9032162427902222,0.9606241583824158,0.9952076077461243,0.9127996681561786,0.8138982653617859,0.9245021641254425,0.9874748468399048,-0.040991598238332046,-0.10663570761680603,-0.023624509572982788,-0.005334788560867309,18.476015581524763,1.0,2.0,20.0,29.104730105731775,1.0,3.0,41.0,0.9721599225607858,0.9504732310771942,0.9705728590488434,0.9952148556709289,0.9454549552668581,0.895405238866806,0.9486373364925385,0.9875227451324463,-0.02670496729392772,-0.06251312494277954,-0.018245965242385864,-0.004843616485595703,90.35548135781859,1.0,3.0,144.0,210.43789649415692,1.0,10.0,551.2000000000007,0.985759022810357,0.9800183713436127,0.982758104801178,0.9952487885951996,0.9706509714632082,0.9520822167396545,0.972090482711792,0.9876526772975922,-0.01510805134714877,-0.029636865854263304,-0.0129777193069458,-0.003550958633422851,0.9564830272676683,0.3061769616026711,-0.04131607368717242,0.38336115748469674,0.9632721202003339,0.1740122426265999,-0.02687057346020827,0.49220923761825264,0.9720089037284363,0.0015025041736227045,-0.0150991467841901,0.7028937117417918
W-soft,1.5,top1_green,17825,500,1.0,1.0,1.0,1.0,0.7893813863101965,0.3996829628944397,0.9197705388069153,0.9952515840530396,0.8962988859590608,0.6504589557647705,0.9780095815658569,0.9977662086486816,0.8425358534571917,0.5077664732933045,0.9548148512840271,0.9971431374549866,1.0,1.0,1.0,1.0,0.0,0.0,0.0,0.0,0.968758632203807,0.8929334878921509,0.9950080513954163,0.9995008945465088,0.8328325200208684,0.07035039067268371,0.4630884528160095,2.158464765548706,0.6488593787297284,0.04354103207588196,0.29560935497283936,1.767997455596924,-0.13798764734905145,-0.32730687260627744,-0.09140683710575104,-0.023024039715528487,6.744123422159888,1.0,1.0,9.0,4.873323983169706,1.0,1.0,6.0,0.9538269040427402,0.9030404329299927,0.9603753685951233,0.9952537775039673,0.9666335758888704,0.9219855189323425,0.9768661856651306,0.9971475481987,0.012806671846130286,0.0014003515243530273,0.007257223129272461,0.033472764492034915,18.663394109396915,1.0,2.0,21.0,12.391809256661992,1.0,1.0,13.0,0.9722545908009019,0.9504546761512757,0.9708474278450012,0.9952585220336914,0.9801859447765484,0.9599118828773499,0.9825709462165833,0.9971520900726318,0.00793135397564646,0.0014360666275024414,0.005968570709228516,0.017609596252441406,94.29363253856943,1.0,3.0,154.0,56.15943899018233,1.0,2.0,69.0,0.9858292091812358,0.980018162727356,0.9828311800956726,0.9952726244926453,0.99006814741988,0.9835130929946899,0.9891564846038818,0.9971650958061218,0.0042389382386441654,0.0013701796531677246,0.004081606864929199,0.007445216178894043,0.041065918653576436,5.610098176718093e-05,0.01298120738682162,0.006788218793828892,0.03208976157082749,0.0,0.00801812803404587,0.007124824684431977,0.02490883590462833,0.0,0.004262481945225508,0.008527349228611501
W-soft,2.0,all,35795,500,0.49797457745495183,0.0,0.0,1.0,0.79089396719708,0.4011554479598999,0.9181032180786133,0.995234739780426,0.4991504585054607,0.003203957062214613,0.4985857903957367,0.9968653559684754,0.7447964144714919,0.22726670503616334,0.9001597166061401,0.9961478471755981,1.2090515435116636,1.0,1.0,2.0,0.12828607347394888,0.0,0.0,1.0,0.6396431845275546,0.023199313879013063,0.8802019357681274,0.9995747804641724,0.8280143904458633,0.07013055086135864,0.47205477952957153,2.131935405731202,0.9130890979088934,0.05337447002530098,0.6053448915481567,2.2193826675415043,0.22380892426719795,-0.2849811851978302,0.018635690212249756,0.995668148994446,6.793406900405085,1.0,1.0,8.0,7.3136750942869115,1.0,1.0,10.0,0.9538090130373292,0.903142762184143,0.9604960083961487,0.9952361702919006,0.9281677328752629,0.8135610103607178,0.9546403288841248,0.9961678743362427,-0.02564128016206635,-0.11505590677261353,-0.00014644861221313477,0.028566861152648927,18.56932532476603,1.0,2.0,21.0,24.592792289425898,1.0,2.0,30.0,0.9722070649376561,0.9504618525505066,0.970708966255188,0.9952434778213501,0.9547113505350943,0.8868931055068969,0.9688708782196045,0.9961955547332764,-0.0174957144025618,-0.07505004405975342,6.16312026977539e-05,0.016193890571594254,92.31658052800671,1.0,3.0,149.0,219.85204637519206,1.0,6.0,588.0,0.9857939738387385,0.9800182580947876,0.982793390750885,0.9952632904052734,0.9754486955782441,0.9414722561836243,0.9833181500434875,0.9963015556335449,-0.01034527826049438,-0.04132300615310669,-4.0471553802490234e-05,0.007455146312713623,0.5006285794105322,0.21360525213018577,-0.025748069752646565,0.22237742701494623,0.4995949154909904,0.16435256320715183,-0.017569663538878066,0.28464869395166925,0.5003771476463194,0.056181030870233274,-0.010327608912393278,0.41290683056292776
W-soft,2.0,top1_red,17970,500,0.0,0.0,0.0,0.0,0.7923943430628952,0.4032771706581116,0.9167360365390778,0.9952056109905243,0.10520662326002818,0.0022327060345560313,0.022602724842727184,0.3517836689949036,0.63960275038671,0.13041379749774934,0.7562330663204193,0.9808907866477966,1.4164162493043961,1.0,1.0,2.0,0.2555370061213133,0.0,0.0,1.0,0.3018645803849468,0.016265552677214145,0.14593788236379623,0.800399386882782,0.8232351383771674,0.06999547332525254,0.47964659333229065,2.108953356742859,1.2132766882359305,0.24942645579576495,0.9975235164165497,2.54290087223053,0.6011620030617398,0.16121256947517396,0.4898548424243927,1.211862111091614,6.842292710072343,1.0,1.0,8.0,10.196271563717307,1.0,2.0,14.0,0.9537912663945106,0.9032162427902222,0.9606241583824158,0.9952076077461243,0.8884043096832653,0.7542354583740234,0.9082079231739044,0.9814593434333801,-0.0653869567112453,-0.17023319005966187,-0.037616848945617676,-0.00885137915611267,18.476015581524763,1.0,2.0,20.0,38.054646633277684,1.0,3.0,59.0,0.9721599225607858,0.9504732310771942,0.9705728590488434,0.9952148556709289,0.9284632011228093,0.8556145191192627,0.93986976146698,0.981597626209259,-0.043696721437976434,-0.1032709002494812,-0.029103904962539673,-0.007502990961074828,90.35548135781859,1.0,3.0,144.0,389.3029493600445,1.0,36.0,1152.0,0.985759022810357,0.9800183713436127,0.982758104801178,0.9952487885951996,0.9604329712800869,0.9307789921760559,0.9651414752006531,0.982354712486267,-0.02532605153027016,-0.05126481056213379,-0.021233826875686646,-0.004891538619995117,0.9564830272676683,0.42520868113522536,-0.06586161950275463,0.43806343906510853,0.9633277685030607,0.32737896494156926,-0.04393291656339454,0.5612131329994435,0.9720089037284363,0.1119087367835281,-0.025287039642497882,0.8154145798553144
W-soft,2.0,top1_green,17825,500,1.0,1.0,1.0,1.0,0.7893813863101965,0.3996829628944397,0.9197705388069153,0.9952515840530396,0.8962988859590608,0.6504589557647705,0.9780095815658569,0.9977662086486816,0.8508457913917462,0.5205319046974182,0.9604830145835876,0.9973637223243713,1.0,1.0,1.0,1.0,0.0,0.0,0.0,0.0,0.980169496810453,0.9322049140930175,0.9969662427902222,0.9996972441673279,0.8328325200208684,0.07035039067268371,0.4630884528160095,2.158464765548706,0.6104595888947639,0.040257816016674046,0.26540082693099976,1.6809547662734985,-0.15661378686536406,-0.37316263318061826,-0.10266788303852081,-0.025689139589667315,6.744123422159888,1.0,1.0,9.0,4.407629733520337,1.0,1.0,6.0,0.9538269040427402,0.9030404329299927,0.9603753685951233,0.9952537775039673,0.9682546172937873,0.9241877436637879,0.9796250462532043,0.9973646759986877,0.014427713251047015,0.0015614509582519533,0.008163094520568848,0.037816214561462405,18.663394109396915,1.0,2.0,21.0,11.021430575035064,1.0,1.0,12.0,0.9722545908009019,0.9504546761512757,0.9708474278450012,0.9952585220336914,0.9811730192553613,0.9610010266304017,0.984110951423645,0.9973692178726197,0.008918428454459299,0.0016021132469177246,0.006749868392944336,0.019762182235717775,94.29363253856943,1.0,3.0,154.0,49.022720897615706,1.0,2.0,58.600000000000364,0.9858292091812358,0.980018162727356,0.9828311800956726,0.9952726244926453,0.9905865674232868,0.9840173721313477,0.9899243712425232,0.9973790168762207,0.004757358242050962,0.0015390992164611816,0.004608035087585449,0.008323097229003906,0.041065918653576436,0.00028050490883590464,0.014625002609389955,0.0049368863955119215,0.03208976157082749,0.0,0.009016695572919592,0.005834502103786816,0.02490883590462833,0.0,0.00478438636002989,0.007124824684431977
W-soft,2.5,all,35795,500,0.49797457745495183,0.0,0.0,1.0,0.79089396719708,0.4011554479598999,0.9181032180786133,0.995234739780426,0.4991504585054607,0.003203957062214613,0.4985857903957367,0.9968653559684754,0.7233567463359475,0.161029589176178,0.8886948227882385,0.9963557481765747,1.2941751641290684,1.0,1.0,2.0,0.15588769381198492,0.0,0.0,1.0,0.6728534934184701,0.037682099640369414,0.9237445592880249,0.999742066860199,0.8280143904458633,0.07013055086135864,0.47205477952957153,2.131935405731202,0.9656439374878608,0.05041293203830719,0.6887333989143372,2.2792992591857915,0.3510573885668545,-0.30633385181427003,0.020896315574645996,1.3985515356063845,6.793406900405085,1.0,1.0,8.0,8.184858220421846,1.0,2.0,11.0,0.9538090130373292,0.903142762184143,0.9604960083961487,0.9952361702919006,0.9130461869309411,0.7633731126785278,0.9486801028251648,0.9963793873786926,-0.04076282610638812,-0.16864888668060302,-0.00015747547149658203,0.030681729316711447,18.56932532476603,1.0,2.0,21.0,34.65076127950831,1.0,2.0,43.60000000000218,0.9722070649376561,0.9504618525505066,0.970708966255188,0.9952434778213501,0.9435455547412825,0.8504978895187378,0.9659505486488342,0.9964062333106994,-0.02866151019637354,-0.11321003437042236,6.723403930664062e-05,0.017345082759857185,92.31658052800671,1.0,3.0,149.0,589.0818270708199,1.0,14.0,2147.0,0.9857939738387385,0.9800182580947876,0.982793390750885,0.9952632904052734,0.9683638075274251,0.9184862494468689,0.9819066524505615,0.9965138077735901,-0.017430166311313326,-0.06532801389694214,-4.559755325317383e-05,0.00795271396636963,0.5006285794105322,0.2681938818270708,-0.040925113151474096,0.24955999441262747,0.4995949154909904,0.22776924151417796,-0.028762376597819814,0.325939377007962,0.5004050845090097,0.1568375471434558,-0.017388387816395602,0.45190669087861435
W-soft,2.5,top1_red,17970,500,0.0,0.0,0.0,0.0,0.7923943430628952,0.4032771706581116,0.9167360365390778,0.9952056109905243,0.10520662326002818,0.0022327060345560313,0.022602724842727184,0.3517836689949036,0.5915265609132946,0.0863482490181923,0.6821059882640839,0.9705596446990967,1.5859766277128549,1.0,1.0,3.0,0.3105175292153589,0.0,0.0,1.0,0.36063415115464914,0.026537352427840232,0.2198016121983528,0.8686181783676148,0.8232351383771674,0.06999547332525254,0.47964659333229065,2.108953356742859,1.3460643610954866,0.3689855754375458,1.1555286049842834,2.644545412063599,0.8662578889444515,0.2551376760005951,0.7344845533370972,1.6671570777893066,6.842292710072343,1.0,1.0,8.0,12.284529771841958,1.0,2.0,18.0,0.9537912663945106,0.9032162427902222,0.9606241583824158,0.9952076077461243,0.8572867506218408,0.6780397295951843,0.8905598223209381,0.9720740497112275,-0.09650451577266986,-0.24944463968276978,-0.05611458420753479,-0.013255661725997923,18.476015581524763,1.0,2.0,20.0,59.127657206455204,1.0,5.0,103.10000000000036,0.9721599225607858,0.9504732310771942,0.9705728590488434,0.9952148556709289,0.9056169766549209,0.8018461704254151,0.9272465109825134,0.9726786613464355,-0.0665429459058648,-0.1598529875278473,-0.044232338666915894,-0.010208243131637571,90.35548135781859,1.0,3.0,144.0,1130.0349471341124,4.0,387.5,3341.1000000000004,0.985759022810357,0.9800183713436127,0.982758104801178,0.9952487885951996,0.9460037940432113,0.8993955135345459,0.9546714127063751,0.9782982349395752,-0.03975522876714559,-0.08333330154418946,-0.032915204763412476,-0.006048506498336791,0.9564830272676683,0.5337228714524207,-0.09711757980562973,0.49354479688369507,0.9633277685030607,0.45370061213133,-0.06683266287279246,0.6442960489705064,0.972064552031163,0.31240957150806903,-0.039650168998243134,0.8943238731218698
W-soft,2.5,top1_green,17825,500,1.0,1.0,1.0,1.0,0.7893813863101965,0.3996829628944397,0.9197705388069153,0.9952515840530396,0.8962988859590608,0.6504589557647705,0.9780095815658569,0.9977662086486816,0.8562593231687706,0.5297242164611816,0.964870035648346,0.9975028395652771,1.0,1.0,1.0,1.0,0.0,0.0,0.0,0.0,0.9876126283683081,0.957753312587738,0.9981577396392822,0.9998162746429443,0.8328325200208684,0.07035039067268371,0.4630884528160095,2.158464765548706,0.5821289297891773,0.03800566345453262,0.2436372935771942,1.6187962532043458,-0.16833408362307092,-0.4014468789100647,-0.10974372923374176,-0.027274356782436365,6.744123422159888,1.0,1.0,9.0,4.0518373071528755,1.0,1.0,5.0,0.9538269040427402,0.9030404329299927,0.9603753685951233,0.9952537775039673,0.9692592063124016,0.925501573085785,0.9811581969261169,0.997503650188446,0.01543230226966141,0.0016642093658447265,0.008718729019165039,0.040510499477386476,18.663394109396915,1.0,2.0,21.0,9.974754558204769,1.0,1.0,11.0,0.9722545908009019,0.9504546761512757,0.9708474278450012,0.9952585220336914,0.9817826682454573,0.9617402195930481,0.9850768446922302,0.997504723072052,0.009528077444555381,0.0017097711563110352,0.007242918014526367,0.021107745170593262,94.29363253856943,1.0,3.0,154.0,43.72824684431978,1.0,2.0,51.0,0.9858292091812358,0.980018162727356,0.9828311800956726,0.9952726244926453,0.9909057117244138,0.9843315362930298,0.9903894662857056,0.9975192189216614,0.005076502543177879,0.0016447901725769043,0.004926085472106934,0.008859038352966309,0.041065918653576436,0.0005049088359046284,0.015643857411659887,0.0035904628330995793,0.03208976157082749,0.0,0.009633539301349,0.004992987377279102,0.02490883590462833,0.0,0.005105759034962512,0.005890603085553997
W-soft,3.0,all,35795,500,0.49797457745495183,0.0,0.0,1.0,0.79089396719708,0.4011554479598999,0.9181032180786133,0.995234739780426,0.4991504585054607,0.003203957062214613,0.4985857903957367,0.9968653559684754,0.6995815151004725,0.10743296295404435,0.8678821921348572,0.9965022563934326,1.4025422545048192,1.0,1.0,2.0,0.1829864506215952,0.0,0.0,1.0,0.7055157472068718,0.06064479723572731,0.9523181915283203,0.9998436331748962,0.8280143904458633,0.07013055086135864,0.47205477952957153,2.131935405731202,1.0355789125894959,0.048500319570302965,0.8096067905426025,2.365766716003418,0.5107982545798997,-0.31997933983802795,0.02239590883255005,1.8650002956390384,6.793406900405085,1.0,1.0,8.0,10.665176700656517,1.0,2.0,13.0,0.9538090130373292,0.903142762184143,0.9604960083961487,0.9952361702919006,0.8942062653048543,0.7021414160728454,0.9411888122558594,0.996531069278717,-0.05960274773414016,-0.23601341247558594,-0.00016438961029052734,0.031993567943573005,18.56932532476603,1.0,2.0,21.0,71.9515295432323,1.0,3.0,108.0,0.9722070649376561,0.9504618525505066,0.970708966255188,0.9952434778213501,0.9288148480348205,0.8044135451316834,0.961397647857666,0.9965527772903442,-0.043392216902835554,-0.16320271492004393,6.973743438720703e-05,0.018054676055908204,92.31658052800671,1.0,3.0,149.0,1264.336667132281,1.0,24.0,4974.0,0.9857939738387385,0.9800182580947876,0.982793390750885,0.9952632904052734,0.9584738344949023,0.8852518320083618,0.9812182188034058,0.9966444969177246,-0.027320139343836133,-0.09896609783172607,-4.887580871582031e-05,0.008253836631774904,0.5006285794105322,0.3399636820785026,-0.0598000178114297,0.28087721748847605,0.4995949154909904,0.3048749825394608,-0.04349883131734114,0.3826791451320017,0.5004050845090097,0.24902919402151139,-0.027229828242684256,0.46073473948875543
W-soft,3.0,top1_red,17970,500,0.0,0.0,0.0,0.0,0.7923943430628952,0.4032771706581116,0.9167360365390778,0.9952056109905243,0.10520662326002818,0.0022327060345560313,0.022602724842727184,0.3517836689949036,0.5407562066516106,0.055127632617950444,0.5911523103713989,0.9542046308517456,1.8018363939899833,1.0,1.0,4.0,0.36449638286032277,0.0,0.0,1.0,0.4210006711233882,0.043012240529060365,0.317166805267334,0.9159690141677856,0.8232351383771674,0.06999547332525254,0.47964659333229065,2.108953356742859,1.5054085397763248,0.5350085914134979,1.3316352367401123,2.766952776908875,1.1916697230821804,0.3667581558227539,1.050192654132843,2.196685290336609,6.842292710072343,1.0,1.0,8.0,17.484474123539233,1.0,3.0,25.0,0.9537912663945106,0.9032162427902222,0.9606241583824158,0.9952076077461243,0.819146404073314,0.5860715687274933,0.8701758980751038,0.9584075570106506,-0.13464486232451353,-0.3478152573108673,-0.08029496669769287,-0.0177674651145935,18.476015581524763,1.0,2.0,20.0,134.20272676683362,1.0,10.0,293.0,0.9721599225607858,0.9504732310771942,0.9705728590488434,0.9952148556709289,0.875903507179861,0.7303794085979461,0.9104586541652679,0.9606905877590179,-0.09625641538092476,-0.23312003612518312,-0.0647355318069458,-0.012475550174713128,90.35548135781859,1.0,3.0,144.0,2478.9076238174734,12.0,1211.0,7152.1,0.985759022810357,0.9800183713436127,0.982758104801178,0.9952487885951996,0.9261098737907728,0.8546984076499939,0.9393698871135712,0.9757790744304657,-0.059649149019584166,-0.12812573909759523,-0.04959571361541748,-0.006756061315536498,0.9564830272676683,0.6764051196438509,-0.13534330698701824,0.5573177518085698,0.9633277685030607,0.6072899276572065,-0.09654884714656307,0.7588202559821925,0.972064552031163,0.49604897050639957,-0.05941926289885768,0.9127434613244296
W-soft,3.0,top1_green,17825,500,1.0,1.0,1.0,1.0,0.7893813863101965,0.3996829628944397,0.9197705388069153,0.9952515840530396,0.8962988859590608,0.6504589557647705,0.9780095815658569,0.9977662086486816,0.8596988106306857,0.534752368927002,0.9683000445365906,0.9975879907608032,1.0,1.0,1.0,1.0,0.0,0.0,0.0,0.0,0.9923452516792532,0.973943042755127,0.9988815188407898,0.9998886942863464,0.8328325200208684,0.07035039067268371,0.4630884528160095,2.158464765548706,0.5619273894171356,0.03658612966537476,0.22841429710388184,1.571253895759583,-0.1756118598092159,-0.4198698759078979,-0.11417670547962189,-0.028243647515773775,6.744123422159888,1.0,1.0,9.0,3.790406732117812,1.0,1.0,5.0,0.9538269040427402,0.9030404329299927,0.9603753685951233,0.9952537775039673,0.9698767116628222,0.9263015031814575,0.9821690917015076,0.9975911498069763,0.01604980762008196,0.001723945140838623,0.009051680564880371,0.04215176105499268,18.663394109396915,1.0,2.0,21.0,9.193941093969144,1.0,1.0,10.0,0.9722545908009019,0.9504546761512757,0.9708474278450012,0.9952585220336914,0.9821566037242242,0.9621310591697693,0.985660195350647,0.9975939869880677,0.009902012923322252,0.0017729878425598146,0.0075272321701049805,0.02192835807800293,94.29363253856943,1.0,3.0,154.0,39.88561009817672,1.0,2.0,46.0,0.9858292091812358,0.980018162727356,0.9828311800956726,0.9952726244926453,0.9911010644445915,0.9845338582992553,0.9906623959541321,0.9976061820983887,0.005271855263355571,0.0017064571380615234,0.005129992961883545,0.009182894229888916,0.041065918653576436,0.0007854137447405329,0.016270210356163335,0.0021879382889200562,0.03208976157082749,0.0,0.010011926388158178,0.0034782608695652175,0.02490883590462833,0.0,0.005302508081220578,0.005049088359046283
W-soft,3.5,all,35795,500,0.49797457745495183,0.0,0.0,1.0,0.79089396719708,0.4011554479598999,0.9181032180786133,0.995234739780426,0.4991504585054607,0.003203957062214613,0.4985857903957367,0.9968653559684754,0.6738090197305555,0.06916868835687637,0.8380689024925232,0.9966059446334838,1.5418075150160637,1.0,1.0,3.0,0.2089677329235927,0.0,0.0,1.0,0.7380173765291749,0.09620165079832077,0.9705265164375305,0.9999052882194519,0.8280143904458633,0.07013055086135864,0.47205477952957153,2.131935405731202,1.1258063888724947,0.04723920449614525,0.9789770245552063,2.4807037353515624,0.7066579986131908,-0.32826953530311587,0.02335822582244873,2.406347465515137,6.793406900405085,1.0,1.0,8.0,18.6741723704428,1.0,2.0,19.0,0.9538090130373292,0.903142762184143,0.9604960083961487,0.9952361702919006,0.8717998393363902,0.6265011668205261,0.9317765235900879,0.9966248512268067,-0.0820091736976087,-0.3177850604057312,-0.00016868114471435547,0.03284610509872437,18.56932532476603,1.0,2.0,21.0,305.2949573962844,1.0,5.0,968.2000000000044,0.9722070649376561,0.9504618525505066,0.970708966255188,0.9952434778213501,0.9102351541358643,0.7419272422790527,0.9583878517150879,0.9966444253921509,-0.0619719107984614,-0.226772141456604,7.104873657226562e-05,0.018492472171783448,92.31658052800671,1.0,3.0,149.0,2002.3690180192764,1.0,33.0,7947.600000000002,0.9857939738387385,0.9800182580947876,0.982793390750885,0.9952632904052734,0.9451696866899749,0.8406809329986572,0.9808961153030396,0.9967272996902465,-0.040624287148763524,-0.14489758014678955,-5.1081180572509766e-05,0.00843944549560547,0.5006285794105322,0.40377147646319317,-0.0821966192444703,0.3263025562229362,0.4995949154909904,0.3711970945662802,-0.06204211537212416,0.4247520603436234,0.5004050845090097,0.322531079759743,-0.040448152868020885,0.4615169716440844
W-soft,3.5,top1_red,17970,500,0.0,0.0,0.0,0.0,0.7923943430628952,0.4032771706581116,0.9167360365390778,0.9952056109905243,0.10520662326002818,0.0022327060345560313,0.022602724842727184,0.3517836689949036,0.4872880025189443,0.03459299094974995,0.4904429614543915,0.9281784176826477,2.079243183082916,1.0,1.0,4.0,0.41624930439621594,0.0,0.0,1.0,0.4828078955261096,0.06899014860391617,0.4336872547864914,0.9472899019718171,0.8232351383771674,0.06999547332525254,0.47964659333229065,2.108953356742859,1.6990558316845097,0.7400043845176697,1.5386852622032166,2.917788791656494,1.5862524385732983,0.48194172978401184,1.473933219909668,2.782989263534546,6.842292710072343,1.0,1.0,8.0,33.62136894824708,1.0,4.0,43.0,0.9537912663945106,0.9032162427902222,0.9606241583824158,0.9952076077461243,0.7741397812241106,0.47870940566062925,0.8425175547599792,0.9394411027431488,-0.17965148516376614,-0.4589294224977493,-0.11417314410209656,-0.021446132659912097,18.476015581524763,1.0,2.0,20.0,599.5711741791876,3.0,54.0,2156.1000000000004,0.9721599225607858,0.9504732310771942,0.9705728590488434,0.9952148556709289,0.8386675232771574,0.6411244869232178,0.8849332630634308,0.9513851344585419,-0.1334923992769945,-0.32314220666885374,-0.0930662751197815,-0.013862544298171993,90.35548135781859,1.0,3.0,144.0,3951.753366722315,23.0,2337.0,10705.0,0.985759022810357,0.9800183713436127,0.982758104801178,0.9952487885951996,0.8994907411888167,0.7940395712852478,0.9168091416358948,0.9743995249271393,-0.08626828162154027,-0.189787757396698,-0.07256335020065308,-0.007193088531494135,0.9564830272676683,0.803338898163606,-0.1803312049386365,0.6482470784641069,0.9633277685030607,0.7393989983305509,-0.13369287476177363,0.8434056761268781,0.972064552031163,0.642459654980523,-0.085827846080343,0.91480244852532
W-soft,3.5,top1_green,17825,500,1.0,1.0,1.0,1.0,0.7893813863101965,0.3996829628944397,0.9197705388069153,0.9952515840530396,0.8962988859590608,0.6504589557647705,0.9780095815658569,0.9977662086486816,0.8618473187091056,0.538485872745514,0.9709571003913879,0.9976440072059631,1.0,1.0,1.0,1.0,0.0,0.0,0.0,0.0,0.995302895386122,0.9840319633483887,0.9993212819099426,0.9999324679374695,0.8328325200208684,0.07035039067268371,0.4630884528160095,2.158464765548706,0.5478937668622895,0.03571399003267288,0.21769550442695618,1.5367561578750615,-0.1800916275345305,-0.4309677124023437,-0.11673647165298462,-0.028829471766948698,6.744123422159888,1.0,1.0,9.0,3.6053856942496494,1.0,1.0,4.0,0.9538269040427402,0.9030404329299927,0.9603753685951233,0.9952537775039673,0.9702543270939028,0.9267685413360596,0.982781708240509,0.9976453185081482,0.016427423051162654,0.0017597556114196777,0.00928109884262085,0.04316204786300659,18.663394109396915,1.0,2.0,21.0,8.624908835904629,1.0,1.0,9.0,0.9722545908009019,0.9504546761512757,0.9708474278450012,0.9952585220336914,0.9823849620758902,0.9624102592468262,0.9859773516654968,0.9976485133171081,0.010130371274988247,0.0018142104148864747,0.007708489894866943,0.02244663238525391,94.29363253856943,1.0,3.0,154.0,37.12712482468443,1.0,2.0,42.0,0.9858292091812358,0.980018162727356,0.9828311800956726,0.9952726244926453,0.9912202140759954,0.9846565961837769,0.9908249974250793,0.9976600885391236,0.005391004894759511,0.0017496824264526367,0.005252182483673096,0.009382069110870361,0.041065918653576436,0.0009537166900420757,0.016653272417117074,0.0017391304347826088,0.03208976157082749,0.0,0.010243020021847203,0.0026928471248246844,0.02490883590462833,0.0,0.005422523131486027,0.004544179523141655
W-soft,4.0,all,35795,500,0.49797457745495183,0.0,0.0,1.0,0.79089396719708,0.4011554479598999,0.9181032180786133,0.995234739780426,0.4991504585054607,0.003203957062214613,0.4985857903957367,0.9968653559684754,0.6462029227443736,0.043637892603874205,0.7985495924949646,0.9966631054878234,1.715099874284118,1.0,1.0,3.0,0.23059086464590026,0.0,0.0,1.0,0.7707376927088201,0.1492926299571991,0.9819138646125793,0.9999426007270813,0.8280143904458633,0.07013055086135864,0.47205477952957153,2.131935405731202,1.2383829586355253,0.04630392119288445,1.159520149230957,2.666844367980957,0.9419509262413203,-0.333178186416626,0.02387024462223053,3.0428329467773447,6.793406900405085,1.0,1.0,8.0,68.59242911021093,1.0,3.0,73.60000000000218,0.9538090130373292,0.903142762184143,0.9604960083961487,0.9952361702919006,0.8461749295263188,0.5380510449409485,0.9238742589950562,0.9966822266578674,-0.10763408350434978,-0.41125671863555907,-0.00017529726028442383,0.03335392475128177,18.56932532476603,1.0,2.0,21.0,802.6128788937002,1.0,6.0,3232.2000000000044,0.9722070649376561,0.9504618525505066,0.970708966255188,0.9952434778213501,0.8878218688142584,0.6679179906845093,0.9571090340614319,0.9966992735862732,-0.08438519612006726,-0.30400699377059937,7.18832015991211e-05,0.018754398822784426,92.31658052800671,1.0,3.0,149.0,2685.715742422126,1.0,38.0,10592.400000000009,0.9857939738387385,0.9800182580947876,0.982793390750885,0.9952632904052734,0.9280012183847799,0.7816359400749207,0.9808157086372375,0.996775996685028,-0.05779275545395857,-0.20402563810348512,-5.245208740234375e-05,0.008550715446472169,0.5006285794105322,0.42036597290124317,-0.10774492975812346,0.3846905992457047,0.4995949154909904,0.3896354239418913,-0.0843571531164663,0.4338594775806677,0.5004050845090097,0.34384690599245704,-0.057481031632585514,0.4605391814499232
W-soft,4.0,top1_red,17970,500,0.0,0.0,0.0,0.0,0.7923943430628952,0.4032771706581116,0.9167360365390778,0.9952056109905243,0.10520662326002818,0.0022327060345560313,0.022602724842727184,0.3517836689949036,0.43098195860252814,0.021394534222781657,0.38520127534866333,0.8883046507835388,2.4244296048970506,1.0,1.0,5.0,0.45932109070673344,0.0,0.0,1.0,0.5461715600702084,0.10887289047241211,0.5580316483974457,0.9673526883125305,0.8232351383771674,0.06999547332525254,0.47964659333229065,2.108953356742859,1.932782578425203,0.9340738475322723,1.8123904466629028,3.093685817718506,2.057659639635693,0.5668413043022156,2.029288172721863,3.4566380739212037,6.842292710072343,1.0,1.0,8.0,133.18141346688927,2.0,8.0,316.0,0.9537912663945106,0.9032162427902222,0.9606241583824158,0.9952076077461243,0.7228684046232641,0.36612108051776887,0.8040592074394226,0.9184649825096131,-0.23092286175797896,-0.5736749351024628,-0.16026946902275085,-0.0236558437347412,18.476015581524763,1.0,2.0,20.0,1590.6069560378407,4.0,228.5,5593.4000000000015,0.9721599225607858,0.9504732310771942,0.9705728590488434,0.9952148556709289,0.7938838460658348,0.5388765573501587,0.8490347266197205,0.9457129657268524,-0.1782760764883171,-0.42846429347991943,-0.13157495856285095,-0.014608973264694207,90.35548135781859,1.0,3.0,144.0,5314.892821368948,32.0,3644.5,13608.0,0.985759022810357,0.9800183713436127,0.982758104801178,0.9952487885951996,0.8652204106583088,0.7150180041790009,0.8866919875144958,0.9736436903476715,-0.12053861215204813,-0.269316041469574,-0.1042042076587677,-0.007469326257705688,0.9564830272676683,0.8363939899833055,-0.23143484074238274,0.7651085141903172,0.9633277685030607,0.7761268781302171,-0.17825006777533478,0.8621591541457986,0.972064552031163,0.6849193099610462,-0.11977827215003319,0.9136894824707846
W-soft,4.0,top1_green,17825,500,1.0,1.0,1.0,1.0,0.7893813863101965,0.3996829628944397,0.9197705388069153,0.9952515840530396,0.8962988859590608,0.6504589557647705,0.9780095815658569,0.9977662086486816,0.8631746324570784,0.5400481462478638,0.9726038575172424,0.997676694393158,1.0,1.0,1.0,1.0,0.0,0.0,0.0,0.0,0.997130590521771,0.9902535080909729,0.9995883107185364,0.9999591112136841,0.8328325200208684,0.07035039067268371,0.4630884528160095,2.158464765548706,0.5383346462865484,0.035196588933467866,0.20793655514717102,1.5154584884643556,-0.18283367851025753,-0.4377472400665283,-0.1182200163602829,-0.029186708852648735,6.744123422159888,1.0,1.0,9.0,3.478036465638149,1.0,1.0,4.0,0.9538269040427402,0.9030404329299927,0.9603753685951233,0.9952537775039673,0.9704845089096508,0.9270519018173218,0.9831055998802185,0.9976787686347961,0.016657604866910616,0.0017812371253967286,0.0094069242477417,0.043757414817810064,18.663394109396915,1.0,2.0,21.0,8.20875175315568,1.0,1.0,9.0,0.9722545908009019,0.9504546761512757,0.9708474278450012,0.9952585220336914,0.9825240437813929,0.9625706672668457,0.9862022995948792,0.997681999206543,0.010269452980490921,0.0018380999565124512,0.007827997207641602,0.02276425361633301,94.29363253856943,1.0,3.0,154.0,35.15124824684432,1.0,2.0,40.0,0.9858292091812358,0.980018162727356,0.9828311800956726,0.9952726244926453,0.9912927255289418,0.9847278714179992,0.9909247756004333,0.9976927757263183,0.0054635163477058995,0.0017751097679138184,0.0053291916847229,0.00950167179107666,0.041065918653576436,0.0009537166900420757,0.01688678923890442,0.0011781206171107995,0.03208976157082749,0.0,0.0103837741548252,0.0020757363253856944,0.02490883590462833,0.0,0.005495566713617826,0.003702664796633941
W-soft,4.5,all,35795,500,0.49797457745495183,0.0,0.0,1.0,0.79089396719708,0.4011554479598999,0.9181032180786133,0.995234739780426,0.4991504585054607,0.003203957062214613,0.4985857903957367,0.9968653559684754,0.6169831977260201,0.027081182226538658,0.7438125610351562,0.9967010617256165,1.940075429529264,1.0,1.0,4.0,0.25196256460399497,0.0,0.0,1.0,0.8038471826346846,0.2244081199169159,0.9889518022537231,0.9999653100967407,0.8280143904458633,0.07013055086135864,0.47205477952957153,2.131935405731202,1.3730727674410603,0.045763686299324036,1.2655017375946045,2.9436420917510993,1.217370894214388,-0.33614479899406435,0.024172425270080566,3.7940548896789554,6.793406900405085,1.0,1.0,8.0,336.87325045397404,1.0,3.0,979.6000000000022,0.9538090130373292,0.903142762184143,0.9604960083961487,0.9952361702919006,0.8179125329484519,0.44003024101257326,0.9202836751937866,0.9967189908027649,-0.13589648006514873,-0.5177616834640503,-0.0001811385154724121,0.033669137954711936,18.56932532476603,1.0,2.0,21.0,1356.7105182288028,1.0,6.0,5819.800000000007,0.9722070649376561,0.9504618525505066,0.970708966255188,0.9952434778213501,0.8620153942026895,0.5772440791130066,0.9565091729164124,0.9967355132102966,-0.11019167069583519,-0.3980347037315369,7.236003875732422e-05,0.01890603303909302,92.31658052800671,1.0,3.0,149.0,3262.928816873865,1.0,39.0,12763.600000000002,0.9857939738387385,0.9800182580947876,0.982793390750885,0.9952632904052734,0.9069299489255557,0.7058694362640381,0.9808136224746704,0.9968122839927673,-0.07886402490652213,-0.28176053762435915,-5.334615707397461e-05,0.008620584011077882,0.5006285794105322,0.425590166224333,-0.13585256875889803,0.40511244587232853,0.4995949154909904,0.395893281184523,-0.10999304194210112,0.4346137728733063,0.5004050845090097,0.3518089118591982,-0.07835925512283964,0.4582762955720073
W-soft,4.5,top1_red,17970,500,0.0,0.0,0.0,0.0,0.7923943430628952,0.4032771706581116,0.9167360365390778,0.9952056109905243,0.10520662326002818,0.0022327060345560313,0.022602724842727184,0.3517836689949036,0.3719706046619186,0.013177917059510947,0.28419214487075806,0.829535961151123,2.872565386755704,1.0,2.0,6.0,0.5018920422927101,0.0,1.0,1.0,0.6110110289201609,0.16765955686569214,0.675502210855484,0.9799408078193664,0.8232351383771674,0.06999547332525254,0.47964659333229065,2.108953356742859,2.2074392525766315,1.0747429728507996,2.1730663776397705,3.366197752952576,2.6079362217783637,0.6116473495960235,2.734730839729309,4.237437152862549,6.842292710072343,1.0,1.0,8.0,667.6648859209794,2.0,23.0,2609.1000000000004,0.9537912663945106,0.9032162427902222,0.9606241583824158,0.9952076077461243,0.6664327548877955,0.26408720612525943,0.7487548291683197,0.9057359993457794,-0.2873585114594493,-0.678514301776886,-0.22083494067192078,-0.02485464811325073,18.476015581524763,1.0,2.0,20.0,2694.6259321090706,5.0,571.0,8843.0,0.9721599225607858,0.9504732310771942,0.9705728590488434,0.9952148556709289,0.7423952428015591,0.42563610672950747,0.797979474067688,0.9433610737323761,-0.22976467968127962,-0.5440207242965698,-0.1856900155544281,-0.015012323856353753,90.35548135781859,1.0,3.0,144.0,6466.071897607123,37.0,4944.0,15842.1,0.985759022810357,0.9800183713436127,0.982758104801178,0.9952487885951996,0.8232041818818983,0.6197100222110749,0.845475047826767,0.9733613669872284,-0.16255484091519115,-0.3657766044139862,-0.14554846286773682,-0.007639664411544795,0.9564830272676683,0.8467445742904841,-0.28753508760079083,0.8058987200890373,0.9633277685030607,0.7885920979410128,-0.22936053405964557,0.8638842515303283,0.972064552031163,0.7007790762381747,-0.16135556422180394,0.9096271563717306
W-soft,4.5,top1_green,17825,500,1.0,1.0,1.0,1.0,0.7893813863101965,0.3996829628944397,0.9197705388069153,0.9952515840530396,0.8962988859590608,0.6504589557647705,0.9780095815658569,0.9977662086486816,0.8639888806074733,0.5410559058189393,0.9738373756408691,0.9976971507072449,1.0,1.0,1.0,1.0,0.0,0.0,0.0,0.0,0.998251989493029,0.9940657496452332,0.9997503161430359,0.9999752044677734,0.8328325200208684,0.07035039067268371,0.4630884528160095,2.158464765548706,0.5319190093548772,0.03486449271440506,0.20194759964942932,1.5022740125656129,-0.1845061849623105,-0.4419150471687317,-0.11910812556743622,-0.029404664784669875,6.744123422159888,1.0,1.0,9.0,3.390743338008415,1.0,1.0,4.0,0.9538269040427402,0.9030404329299927,0.9603753685951233,0.9952537775039673,0.9706245448278344,0.9272306799888611,0.9833536744117737,0.9976978421211242,0.016797640785094232,0.0017943263053894043,0.009478211402893066,0.044113540649414064,18.663394109396915,1.0,2.0,21.0,7.91164095371669,1.0,1.0,8.0,0.9722545908009019,0.9504546761512757,0.9708474278450012,0.9952585220336914,0.9826086127540674,0.9626679182052612,0.9863307476043701,0.9977023720741272,0.010354021953165447,0.0018519520759582519,0.007899165153503418,0.02294350862503052,94.29363253856943,1.0,3.0,154.0,33.72931276297335,1.0,2.0,38.0,0.9858292091812358,0.980018162727356,0.9828311800956726,0.9952726244926453,0.9913367951401153,0.9847752809524536,0.9909877181053162,0.9977136611938476,0.005507585958879425,0.0017902851104736328,0.005375266075134277,0.009573137760162354,0.041065918653576436,0.0010098176718092568,0.01702886055600615,0.0010659186535764377,0.03208976157082749,0.0,0.010469363218888762,0.0018513323983169706,0.02490883590462833,0.0,0.0055399623765719636,0.003253856942496494
W-soft,5.0,all,35795,500,0.49797457745495183,0.0,0.0,1.0,0.79089396719708,0.4011554479598999,0.9181032180786133,0.995234739780426,0.4991504585054607,0.003203957062214613,0.4985857903957367,0.9968653559684754,0.586696360804187,0.016694096103310584,0.6814046502113342,0.9967268466949463,2.2376588909065513,1.0,1.0,5.0,0.2744238022070122,0.0,0.0,1.0,0.8370760457035774,0.32296918630599974,0.993269681930542,0.9999789595603943,0.8280143904458633,0.07013055086135864,0.47205477952957153,2.131935405731202,1.5256632700402164,0.04545805007219315,1.3081119060516357,3.3744315624237062,1.5277901756550374,-0.3379628837108612,0.02435697615146637,4.714855194091798,6.793406900405085,1.0,1.0,8.0,727.8184662662383,1.0,3.0,2866.600000000002,0.9538090130373292,0.903142762184143,0.9604960083961487,0.9952361702919006,0.7879350925974089,0.3328412234783173,0.9190585613250732,0.9967424988746643,-0.16587392047790694,-0.6258761644363403,-0.00018346309661865234,0.0338629961013794,18.56932532476603,1.0,2.0,21.0,1863.995585975695,1.0,7.0,8148.600000000002,0.9722070649376561,0.9504618525505066,0.970708966255188,0.9952434778213501,0.8337765701091194,0.4746420383453369,0.9562907218933105,0.9967609763145446,-0.1384304948518489,-0.5020033478736877,7.271766662597656e-05,0.018999469280242928,92.31658052800671,1.0,3.0,149.0,3720.2656516273223,1.0,39.0,14490.800000000007,0.9857939738387385,0.9800182580947876,0.982793390750885,0.9952632904052734,0.8825825094968551,0.6102474212646485,0.9808032512664795,0.9968291640281677,-0.10321146433938563,-0.37789971828460694,-5.3882598876953125e-05,0.008663308620452882,0.5006285794105322,0.42779717837686826,-0.16560126575270978,0.40684453135912835,0.4995949154909904,0.39798854588629695,-0.1379926667861665,0.432490571308842,0.5004050845090097,0.3552730828327979,-0.10245772962497356,0.4568794524374913
W-soft,5.0,top1_red,17970,500,0.0,0.0,0.0,0.0,0.7923943430628952,0.4032771706581116,0.9167360365390778,0.9952056109905243,0.10520662326002818,0.0022327060345560313,0.022602724842727184,0.3517836689949036,0.3111480116878415,0.008055995684117079,0.19759393483400345,0.7480877816677094,3.4653311074012243,1.0,2.0,8.0,0.5466332776850306,0.0,1.0,1.0,0.6765211754809686,0.24930803775787355,0.7743743360042572,0.9877369344234467,0.8232351383771674,0.06999547332525254,0.47964659333229065,2.108953356742859,2.5156122192325827,1.1305065035820008,2.5719268321990967,3.7737104892730713,3.22727971126128,0.6272570848464966,3.5709487199783325,5.173948097229005,6.842292710072343,1.0,1.0,8.0,1446.4612131329995,2.0,53.0,5490.200000000001,0.9537912663945106,0.9032162427902222,0.9606241583824158,0.9952076077461243,0.6066353564131456,0.1796842873096466,0.6752289533615112,0.8991449296474456,-0.3471559100570318,-0.7638803899288178,-0.29937541484832764,-0.025345814228057827,18.476015581524763,1.0,2.0,20.0,3705.313856427379,5.0,1088.5,11484.0,0.9721599225607858,0.9504732310771942,0.9705728590488434,0.9952148556709289,0.6860944967934604,0.315441831946373,0.7306505441665649,0.9421863079071044,-0.286065425813762,-0.6563335478305816,-0.25421813130378723,-0.015222609043121327,90.35548135781859,1.0,3.0,144.0,7378.066277128548,39.0,6052.0,17506.800000000003,0.985759022810357,0.9800183713436127,0.982758104801178,0.9952487885951996,0.7746792164970652,0.5100941359996796,0.796131432056427,0.9732316315174103,-0.21107980630831646,-0.4764629006385803,-0.19382119178771973,-0.007747232913970946,0.9564830272676683,0.851085141903172,-0.3468478456627179,0.8095715080690039,0.9633277685030607,0.7927657206455203,-0.2851481574803131,0.8602671118530885,0.972064552031163,0.7076794657762938,-0.2093357508963866,0.9073455759599333
W-soft,5.0,top1_green,17825,500,1.0,1.0,1.0,1.0,0.7893813863101965,0.3996829628944397,0.9197705388069153,0.9952515840530396,0.8962988859590608,0.6504589557647705,0.9780095815658569,0.9977662086486816,0.8644861971924466,0.5413684725761414,0.9746096730232239,0.9977120161056519,1.0,1.0,1.0,1.0,0.0,0.0,0.0,0.0,0.9989369723739998,0.9963924527168274,0.9998486042022705,0.9999850392341614,0.8328325200208684,0.07035039067268371,0.4630884528160095,2.158464765548706,0.5276614401952333,0.03464417904615402,0.1970587521791458,1.4919164180755615,-0.18552409951153606,-0.44457077383995053,-0.11964553594589233,-0.0295502409338951,6.744123422159888,1.0,1.0,9.0,3.3298176718092565,1.0,1.0,4.0,0.9538269040427402,0.9030404329299927,0.9603753685951233,0.9952537775039673,0.9707096372948121,0.9273479819297791,0.9835022687911987,0.9977132081985474,0.0168827332520719,0.001802217960357666,0.009524226188659668,0.0443385124206543,18.663394109396915,1.0,2.0,21.0,7.698849929873773,1.0,1.0,8.0,0.9722545908009019,0.9504546761512757,0.9708474278450012,0.9952585220336914,0.9826599842736297,0.9627297878265381,0.9864087104797363,0.9977165937423706,0.010405393472727686,0.0018602490425109863,0.007939636707305908,0.023061561584472656,94.29363253856943,1.0,3.0,154.0,32.710126227208974,1.0,2.0,36.0,0.9858292091812358,0.980018162727356,0.9828311800956726,0.9952726244926453,0.9913635571942591,0.9848032832145691,0.9910229444503784,0.9977272391319275,0.005534348013023173,0.0017984271049499513,0.005401492118835449,0.009617292881011963,0.041065918653576436,0.0010659186535764377,0.01711519136572565,0.0008415147265077139,0.03208976157082749,0.0,0.010521354518151881,0.0012342215988779804,0.02490883590462833,0.0,0.00556692254691592,0.0027489481065918653
W-soft,5.5,all,35795,500,0.49797457745495183,0.0,0.0,1.0,0.79089396719708,0.4011554479598999,0.9181032180786133,0.995234739780426,0.4991504585054607,0.003203957062214613,0.4985857903957367,0.9968653559684754,0.5564135148292181,0.010207307524979115,0.6055748462677002,0.996742331981659,2.6420449783489315,1.0,1.0,6.0,0.2972761558876938,0.0,0.0,1.0,0.8695530075995653,0.4402469635009766,0.9959070086479187,0.9999873042106628,0.8280143904458633,0.07013055086135864,0.47205477952957153,2.131935405731202,1.6869485200885523,0.04523555040359497,1.3119748830795288,4.002064514160157,1.8595220065213132,-0.3390893578529358,0.02446921169757843,5.837897682189942,6.793406900405085,1.0,1.0,8.0,1111.1304092750383,1.0,3.0,4763.0,0.9538090130373292,0.903142762184143,0.9604960083961487,0.9952361702919006,0.75761655660515,0.23771830201148988,0.9185795187950134,0.9967572093009949,-0.19619245648067712,-0.7244992256164551,-0.00018423795700073242,0.03399686813354494,18.56932532476603,1.0,2.0,21.0,2281.916999580947,1.0,7.0,10015.0,0.9722070649376561,0.9504618525505066,0.970708966255188,0.9952434778213501,0.8046181354268435,0.3691927373409271,0.9562629461288452,0.9967754244804382,-0.16758892951372667,-0.6126654028892518,7.283687591552734e-05,0.01905535459518433,92.31658052800671,1.0,3.0,149.0,4064.6444475485405,1.0,38.0,15772.600000000002,0.9857939738387385,0.9800182580947876,0.982793390750885,0.9952632904052734,0.8563638857742614,0.5037530779838562,0.9808075428009033,0.9968374729156494,-0.12943008812650453,-0.4863976716995239,-5.412101745605469e-05,0.008688604831695557,0.5006285794105322,0.4284955999441263,-0.19563639910762357,0.40318480234669646,0.4995949154909904,0.39882665176700655,-0.16686138164836245,0.4296130744517391,0.5004050845090097,0.3563905573404107,-0.12838489635500136,0.4555384830283559
W-soft,5.5,top1_red,17970,500,0.0,0.0,0.0,0.0,0.7923943430628952,0.4032771706581116,0.9167360365390778,0.9952056109905243,0.10520662326002818,0.0022327060345560313,0.022602724842727184,0.3517836689949036,0.2505261951779367,0.0049063393380492926,0.13216988742351532,0.6440232515335084,4.270840289371174,1.0,2.0,10.0,0.5921535893155259,0.0,1.0,1.0,0.7407991514930425,0.35381630063056946,0.849818617105484,0.9925261616706849,0.8232351383771674,0.06999547332525254,0.47964659333229065,2.108953356742859,2.8396594444624603,1.13459370136261,2.891998529434204,4.384929609298706,3.8886803282693787,0.6327502369880676,4.382038116455078,6.294012212753296,6.842292710072343,1.0,1.0,8.0,2210.0308291597107,3.0,99.0,7978.200000000001,0.9537912663945106,0.9032162427902222,0.9606241583824158,0.9952076077461243,0.5461916752773222,0.11761678233742714,0.5830288529396057,0.8963364601135254,-0.40759959121379313,-0.825930905342102,-0.3971351385116577,-0.02556258440017699,18.476015581524763,1.0,2.0,20.0,4537.935447968837,5.0,1610.0,13510.100000000004,0.9721599225607858,0.9504732310771942,0.9705728590488434,0.9952148556709289,0.627981973866091,0.22007257342338563,0.6474300622940063,0.941853255033493,-0.3441779487004994,-0.7521815359592438,-0.3411918878555298,-0.01536953449249266,90.35548135781859,1.0,3.0,144.0,8064.778909293266,39.0,6930.5,18716.600000000002,0.985759022810357,0.9800183713436127,0.982758104801178,0.9952487885951996,0.7224374165112732,0.39459929764270785,0.7454875707626343,0.9731639623641968,-0.2633216064226382,-0.5927019953727722,-0.24408984184265137,-0.007803642749786375,0.9564830272676683,0.8524763494713411,-0.40670896451709304,0.802615470228158,0.9633277685030607,0.7944351697273233,-0.3426604078092552,0.8547579298831386,0.972064552031163,0.7099053978853644,-0.2609652824582425,0.9048970506399555
W-soft,5.5,top1_green,17825,500,1.0,1.0,1.0,1.0,0.7893813863101965,0.3996829628944397,0.9197705388069153,0.9952515840530396,0.8962988859590608,0.6504589557647705,0.9780095815658569,0.9977662086486816,0.864789118427172,0.5417785167694092,0.9750294089317322,0.9977191090583801,1.0,1.0,1.0,1.0,0.0,0.0,0.0,0.0,0.9993542302775015,0.9978087782859802,0.9999081492424011,0.9999909400939941,0.8328325200208684,0.07035039067268371,0.4630884528160095,2.158464765548706,0.5248607046047302,0.034486837685108185,0.19396810233592987,1.4879959106445315,-0.18614279245836338,-0.44616333246231077,-0.1199711486697197,-0.02962927035987376,6.744123422159888,1.0,1.0,9.0,3.290827489481066,1.0,1.0,4.0,0.9538269040427402,0.9030404329299927,0.9603753685951233,0.9952537775039673,0.9707613037277907,0.9274159431457519,0.9835768938064575,0.9977208495140075,0.01693439968505046,0.0018069744110107422,0.009557485580444336,0.04447792768478394,18.663394109396915,1.0,2.0,21.0,7.546647966339411,1.0,1.0,8.0,0.9722545908009019,0.9504546761512757,0.9708474278450012,0.9952585220336914,0.9826911689890718,0.9627654314041137,0.9864652156829834,0.9977240204811096,0.010436578188169888,0.0018651485443115234,0.007964670658111572,0.023127162456512453,94.29363253856943,1.0,3.0,154.0,31.97032258064516,1.0,2.0,35.0,0.9858292091812358,0.980018162727356,0.9828311800956726,0.9952726244926453,0.9913797989667381,0.9848224759101868,0.9910445213317871,0.997733187675476,0.005550589785502301,0.0018032193183898926,0.005419373512268066,0.009644925594329834,0.041065918653576436,0.0010659186535764377,0.017167609745800626,0.0005049088359046284,0.03208976157082749,0.0,0.01055291509280172,0.0010098176718092568,0.02490883590462833,0.0,0.005583283867525635,0.0025245441795231417
W-soft,6.0,all,35795,500,0.49797457745495183,0.0,0.0,1.0,0.79089396719708,0.4011554479598999,0.9181032180786133,0.995234739780426,0.4991504585054607,0.003203957062214613,0.4985857903957367,0.9968653559684754,0.5276900545387057,0.006225319765508175,0.5282570123672485,0.9967526197433472,3.170582483587093,1.0,1.0,8.0,0.319737393490711,0.0,0.0,1.0,0.8998758854186557,0.5645969629287719,0.9975136518478394,0.999992311000824,0.8280143904458633,0.07013055086135864,0.47205477952957153,2.131935405731202,1.8437641609900128,0.045090829581022264,1.305152177810669,4.690165615081788,2.1905713339847726,-0.33977335691452026,0.024538010358810425,7.124688720703126,6.793406900405085,1.0,1.0,8.0,1434.3945523117754,1.0,3.0,6346.600000000002,0.9538090130373292,0.903142762184143,0.9604960083961487,0.9952361702919006,0.7287168317108218,0.16061035096645357,0.9185481071472168,0.9967681884765625,-0.225092181367304,-0.8034038305282593,-0.00018459558486938477,0.03406330347061158,18.56932532476603,1.0,2.0,21.0,2602.0323229501328,1.0,7.0,11422.0,0.9722070649376561,0.9504618525505066,0.970708966255188,0.9952434778213501,0.7764607233989879,0.2669098496437073,0.95625901222229,0.9967814207077026,-0.19574634156125204,-0.7161558389663696,7.295608520507812e-05,0.019092965126037607,92.31658052800671,1.0,3.0,149.0,4312.99231736276,1.0,38.0,16720.00000000001,0.9857939738387385,0.9800182580947876,0.982793390750885,0.9952632904052734,0.8302794317987932,0.39124006032943726,0.9808016419410706,0.9968426465988159,-0.15551454203640688,-0.5984115839004517,-5.435943603515625e-05,0.008704423904418945,0.5006285794105322,0.4288587791591004,-0.22422834624167706,0.39879871490431623,0.4995949154909904,0.39938538902081294,-0.19470745150148946,0.4265679564184942,0.5004050845090097,0.35734041067188155,-0.15416000651245929,0.4545606928341947
W-soft,6.0,top1_red,17970,500,0.0,0.0,0.0,0.0,0.7923943430628952,0.4032771706581116,0.9167360365390778,0.9952056109905243,0.10520662326002818,0.0022327060345560313,0.022602724842727184,0.3517836689949036,0.19312832572776933,0.0029856272041797636,0.08517694100737572,0.5237530767917633,5.323650528658876,1.0,2.0,12.0,0.6368948247078464,0.0,1.0,1.0,0.8009485375631599,0.47444576621055606,0.9031897485256195,0.9954536259174347,0.8232351383771674,0.06999547332525254,0.47964659333229065,2.108953356742859,3.153840171734807,1.1154818773269652,3.1139501333236694,5.205903053283691,4.548480449830175,0.6354149043560028,5.073419570922852,7.637635517120361,6.842292710072343,1.0,1.0,8.0,2853.9766833611575,2.0,159.5,9863.300000000001,0.9537912663945106,0.9032162427902222,0.9606241583824158,0.9952076077461243,0.48859431545271365,0.07492021545767784,0.4774990975856781,0.8955761790275574,-0.46519695102306097,-0.867240309715271,-0.5061436891555786,-0.025711566209793084,18.476015581524763,1.0,2.0,20.0,5175.689204229271,5.0,2063.5,14911.2,0.9721599225607858,0.9504732310771942,0.9705728590488434,0.9952148556709289,0.5718755830692943,0.14643649756908417,0.5487409830093384,0.9417104244232177,-0.40028433953647685,-0.8254020690917969,-0.440755158662796,-0.015438032150268552,90.35548135781859,1.0,3.0,144.0,8560.005898720088,39.90000000000009,7587.5,19507.1,0.985759022810357,0.9800183713436127,0.982758104801178,0.9952487885951996,0.6704692116161652,0.28596331179142,0.6989928185939789,0.9731318473815918,-0.3152898111871434,-0.7010553359985352,-0.28606748580932617,-0.007838356494903562,0.9564830272676683,0.8531441291040623,-0.4636953520970655,0.7939343350027824,0.9633277685030607,0.7955481357818587,-0.3981452931815886,0.8488592097941012,0.972064552031163,0.7117974401780746,-0.31231033155060745,0.9032832498608793
W-soft,6.0,top1_green,17825,500,1.0,1.0,1.0,1.0,0.7893813863101965,0.3996829628944397,0.9197705388069153,0.9952515840530396,0.8962988859590608,0.6504589557647705,0.9780095815658569,0.9977662086486816,0.8649733233596048,0.541842520236969,0.975209653377533,0.9977234959602356,1.0,1.0,1.0,1.0,0.0,0.0,0.0,0.0,0.9996079718682074,0.9986697673797608,0.9999443888664246,0.9999945759773254,0.8328325200208684,0.07035039067268371,0.4630884528160095,2.158464765548706,0.5230311504383185,0.034404894709587096,0.19193141162395477,1.4842775821685792,-0.18651852922655315,-0.4471308946609497,-0.12016867846250534,-0.029677218943834294,6.744123422159888,1.0,1.0,9.0,3.2646283309957926,1.0,1.0,4.0,0.9538269040427402,0.9030404329299927,0.9603753685951233,0.9952537775039673,0.9707926587603705,0.927448308467865,0.9836139678955078,0.9977248311042786,0.016965754717630222,0.0018099188804626466,0.0095747709274292,0.044571518898010254,18.663394109396915,1.0,2.0,21.0,7.439663394109397,1.0,1.0,8.0,0.9722545908009019,0.9504546761512757,0.9708474278450012,0.9952585220336914,0.9827100906766648,0.9627936840057373,0.986483633518219,0.9977277636528015,0.010455499875762855,0.0018680572509765625,0.007985174655914307,0.023167240619659427,94.29363253856943,1.0,3.0,154.0,31.43079943899018,1.0,2.0,34.0,0.9858292091812358,0.980018162727356,0.9828311800956726,0.9952726244926453,0.9913896509674789,0.9848337769508362,0.9910584092140198,0.9977389812469483,0.00556044178624307,0.0018061280250549318,0.00542980432510376,0.00966094732284546,0.041065918653576436,0.0011220196353436186,0.017199423210409327,0.0004488078541374474,0.03208976157082749,0.0,0.010572066679864487,0.0008415147265077139,0.02490883590462833,0.0,0.005593210267895124,0.0021879382889200562
